"Sample collection","MTBLS103","Electrospray"
"Chromatography","MTBLS117","LTQ-Orbitrap"
"Chromatography","MTBLS117","Electrospray"
"Extraction","MTBLS124","Electrospray"
"Chromatography","MTBLS128","Electrospray"
"Sample collection","MTBLS148","LTQ-Orbitrap"
"Sample collection","MTBLS148","Electrospray"
"Sample collection","MTBLS162","Electrospray"
"Sample collection","MTBLS168","Electrospray"
"Sample collection","MTBLS169","Arabidopsis"
"Sample collection","MTBLS169","Electrospray"
"Sample collection","MTBLS17","Electrospray"
"Sample collection","MTBLS176","Electrospray"
"Extraction","MTBLS178","Electrospray"
"Sample collection","MTBLS188","Arabidopsis"
"Sample collection","MTBLS19","Electrospray"
"Extraction","MTBLS194","Electrospray"
"Sample collection","MTBLS2","Arabidopsis"
"Sample collection","MTBLS2","Electrospray"
"Extraction","MTBLS213","Electrospray"
"Sample collection","MTBLS243","Electrospray"
"Sample collection","MTBLS28","Electrospray"
"Sample collection","MTBLS38","Electrospray"
"Sample collection","MTBLS39","Electrospray"
"Sample collection","MTBLS4","Electrospray"
"Sample collection","MTBLS49","Electrospray"
"Extraction","MTBLS55","Electrospray"
"Extraction","MTBLS61","LTQ-Orbitrap"
"Extraction","MTBLS61","Electrospray"
"Sample collection","MTBLS72","Electrospray"
"Sample collection","MTBLS74","Arabidopsis"
"Extraction","MTBLS91","Electrospray"
"Sample collection","MTBLS95","Arabidopsis"
